{"loss":0.2449815459549427,"_timestamp":1.742213985199029e+09,"_runtime":86.8993455,"_step":50,"test_accuracy":100,"_wandb":{"runtime":88},"epoch":50}